{
  "_format": "hh-sol-cache-2",
  "files": {
    "E:\\Task\\LODGE.CAPITAL\\Smart Contract\\contracts\\interfaces\\IBasisAsset.sol": {
      "lastModificationDate": 1695160624826,
      "contentHash": "019887578697b10d8db4fec67b685e45",
      "sourceName": "contracts/interfaces/IBasisAsset.sol",
      "solcConfig": {
        "version": "0.8.15",
        "settings": {
          "optimizer": {
            "enabled": true,
            "runs": 200
          },
          "outputSelection": {
            "*": {
              "*": [
                "abi",
                "evm.bytecode",
                "evm.deployedBytecode",
                "evm.methodIdentifiers",
                "metadata",
                "devdoc",
                "userdoc",
                "storageLayout",
                "evm.gasEstimates"
              ],
              "": [
                "ast"
              ]
            }
          },
          "metadata": {
            "useLiteralContent": true
          }
        }
      },
      "imports": [],
      "versionPragmas": [
        "^0.8.15"
      ],
      "artifacts": [
        "IBasisAsset"
      ]
    },
    "E:\\Task\\LODGE.CAPITAL\\Smart Contract\\contracts\\interfaces\\IBoardroom.sol": {
      "lastModificationDate": 1695160624840,
      "contentHash": "d389e02a1df0fe6fdda1fefd021caccd",
      "sourceName": "contracts/interfaces/IBoardroom.sol",
      "solcConfig": {
        "version": "0.8.15",
        "settings": {
          "optimizer": {
            "enabled": true,
            "runs": 200
          },
          "outputSelection": {
            "*": {
              "*": [
                "abi",
                "evm.bytecode",
                "evm.deployedBytecode",
                "evm.methodIdentifiers",
                "metadata",
                "devdoc",
                "userdoc",
                "storageLayout",
                "evm.gasEstimates"
              ],
              "": [
                "ast"
              ]
            }
          },
          "metadata": {
            "useLiteralContent": true
          }
        }
      },
      "imports": [],
      "versionPragmas": [
        "^0.8.15"
      ],
      "artifacts": [
        "IBoardroom"
      ]
    },
    "E:\\Task\\LODGE.CAPITAL\\Smart Contract\\contracts\\ZapV3.sol": {
      "lastModificationDate": 1698434387730,
      "contentHash": "55612d48bcc8a925f533877c3a70f6be",
      "sourceName": "contracts/ZapV3.sol",
      "solcConfig": {
        "version": "0.8.15",
        "settings": {
          "optimizer": {
            "enabled": true,
            "runs": 200
          },
          "outputSelection": {
            "*": {
              "*": [
                "abi",
                "evm.bytecode",
                "evm.deployedBytecode",
                "evm.methodIdentifiers",
                "metadata",
                "devdoc",
                "userdoc",
                "storageLayout",
                "evm.gasEstimates"
              ],
              "": [
                "ast"
              ]
            }
          },
          "metadata": {
            "useLiteralContent": true
          }
        }
      },
      "imports": [
        "./pancakeSwap/interfaces/IPancakeFactory.sol",
        "./pancakeSwap/interfaces/IPancakeRouter02.sol",
        "./pancakeSwap/interfaces/IPancakePair.sol",
        "./pancakeSwap/libraries/TransferHelper.sol",
        "./interfaces/IBoardroom.sol",
        "./pancakeSwap/interfaces/IWETH.sol",
        "./pancakeSwap/interfaces/IWETH.sol",
        "@openzeppelin/contracts/token/ERC20/ERC20.sol",
        "@openzeppelin/contracts/access/Ownable.sol",
        "@openzeppelin/contracts/utils/Address.sol",
        "@openzeppelin/contracts/security/ReentrancyGuard.sol",
        "@openzeppelin/contracts/token/ERC20/utils/SafeERC20.sol",
        "@openzeppelin/contracts/utils/math/SafeMath.sol",
        "./WildToken.sol"
      ],
      "versionPragmas": [
        "0.8.15"
      ],
      "artifacts": [
        "IRewardPool",
        "MultipleOperator",
        "ZapBase",
        "ZapV3"
      ]
    },
    "E:\\Task\\LODGE.CAPITAL\\Smart Contract\\contracts\\pancakeSwap\\interfaces\\IPancakeFactory.sol": {
      "lastModificationDate": 1693404725916,
      "contentHash": "b1d05d7e18c0fbbb40228bf503226ecb",
      "sourceName": "contracts/pancakeSwap/interfaces/IPancakeFactory.sol",
      "solcConfig": {
        "version": "0.8.15",
        "settings": {
          "optimizer": {
            "enabled": true,
            "runs": 200
          },
          "outputSelection": {
            "*": {
              "*": [
                "abi",
                "evm.bytecode",
                "evm.deployedBytecode",
                "evm.methodIdentifiers",
                "metadata",
                "devdoc",
                "userdoc",
                "storageLayout",
                "evm.gasEstimates"
              ],
              "": [
                "ast"
              ]
            }
          },
          "metadata": {
            "useLiteralContent": true
          }
        }
      },
      "imports": [],
      "versionPragmas": [
        "^0.8.0"
      ],
      "artifacts": [
        "IPancakeFactory"
      ]
    },
    "E:\\Task\\LODGE.CAPITAL\\Smart Contract\\contracts\\pancakeSwap\\interfaces\\IPancakeRouter02.sol": {
      "lastModificationDate": 1693404725920,
      "contentHash": "75baa7dddc1458575a5fabdb2c590ea4",
      "sourceName": "contracts/pancakeSwap/interfaces/IPancakeRouter02.sol",
      "solcConfig": {
        "version": "0.8.15",
        "settings": {
          "optimizer": {
            "enabled": true,
            "runs": 200
          },
          "outputSelection": {
            "*": {
              "*": [
                "abi",
                "evm.bytecode",
                "evm.deployedBytecode",
                "evm.methodIdentifiers",
                "metadata",
                "devdoc",
                "userdoc",
                "storageLayout",
                "evm.gasEstimates"
              ],
              "": [
                "ast"
              ]
            }
          },
          "metadata": {
            "useLiteralContent": true
          }
        }
      },
      "imports": [
        "./IPancakeRouter01.sol"
      ],
      "versionPragmas": [
        "^0.8.0"
      ],
      "artifacts": [
        "IPancakeRouter02"
      ]
    },
    "E:\\Task\\LODGE.CAPITAL\\Smart Contract\\contracts\\pancakeSwap\\interfaces\\IPancakePair.sol": {
      "lastModificationDate": 1693404725923,
      "contentHash": "b87904e88b44d78bb66ade1b2122f5b0",
      "sourceName": "contracts/pancakeSwap/interfaces/IPancakePair.sol",
      "solcConfig": {
        "version": "0.8.15",
        "settings": {
          "optimizer": {
            "enabled": true,
            "runs": 200
          },
          "outputSelection": {
            "*": {
              "*": [
                "abi",
                "evm.bytecode",
                "evm.deployedBytecode",
                "evm.methodIdentifiers",
                "metadata",
                "devdoc",
                "userdoc",
                "storageLayout",
                "evm.gasEstimates"
              ],
              "": [
                "ast"
              ]
            }
          },
          "metadata": {
            "useLiteralContent": true
          }
        }
      },
      "imports": [],
      "versionPragmas": [
        "^0.8.0"
      ],
      "artifacts": [
        "IPancakePair"
      ]
    },
    "E:\\Task\\LODGE.CAPITAL\\Smart Contract\\contracts\\pancakeSwap\\libraries\\TransferHelper.sol": {
      "lastModificationDate": 1693404725914,
      "contentHash": "771c49b5b6fc2321ddd1b0337d42e40d",
      "sourceName": "contracts/pancakeSwap/libraries/TransferHelper.sol",
      "solcConfig": {
        "version": "0.8.15",
        "settings": {
          "optimizer": {
            "enabled": true,
            "runs": 200
          },
          "outputSelection": {
            "*": {
              "*": [
                "abi",
                "evm.bytecode",
                "evm.deployedBytecode",
                "evm.methodIdentifiers",
                "metadata",
                "devdoc",
                "userdoc",
                "storageLayout",
                "evm.gasEstimates"
              ],
              "": [
                "ast"
              ]
            }
          },
          "metadata": {
            "useLiteralContent": true
          }
        }
      },
      "imports": [],
      "versionPragmas": [
        "^0.8.15"
      ],
      "artifacts": [
        "TransferHelper"
      ]
    },
    "E:\\Task\\LODGE.CAPITAL\\Smart Contract\\contracts\\pancakeSwap\\interfaces\\IWETH.sol": {
      "lastModificationDate": 1693404725921,
      "contentHash": "9c165bc7eef2434d31e42427ea7bc2cc",
      "sourceName": "contracts/pancakeSwap/interfaces/IWETH.sol",
      "solcConfig": {
        "version": "0.8.15",
        "settings": {
          "optimizer": {
            "enabled": true,
            "runs": 200
          },
          "outputSelection": {
            "*": {
              "*": [
                "abi",
                "evm.bytecode",
                "evm.deployedBytecode",
                "evm.methodIdentifiers",
                "metadata",
                "devdoc",
                "userdoc",
                "storageLayout",
                "evm.gasEstimates"
              ],
              "": [
                "ast"
              ]
            }
          },
          "metadata": {
            "useLiteralContent": true
          }
        }
      },
      "imports": [],
      "versionPragmas": [
        "^0.8.0"
      ],
      "artifacts": [
        "IWETH"
      ]
    },
    "E:\\Task\\LODGE.CAPITAL\\Smart Contract\\node_modules\\@openzeppelin\\contracts\\access\\Ownable.sol": {
      "lastModificationDate": 1692985469825,
      "contentHash": "e436cea06129be2c73cda4b1acc848b5",
      "sourceName": "@openzeppelin/contracts/access/Ownable.sol",
      "solcConfig": {
        "version": "0.8.15",
        "settings": {
          "optimizer": {
            "enabled": true,
            "runs": 200
          },
          "outputSelection": {
            "*": {
              "*": [
                "abi",
                "evm.bytecode",
                "evm.deployedBytecode",
                "evm.methodIdentifiers",
                "metadata",
                "devdoc",
                "userdoc",
                "storageLayout",
                "evm.gasEstimates"
              ],
              "": [
                "ast"
              ]
            }
          },
          "metadata": {
            "useLiteralContent": true
          }
        }
      },
      "imports": [
        "../utils/Context.sol"
      ],
      "versionPragmas": [
        "^0.8.0"
      ],
      "artifacts": [
        "Ownable"
      ]
    },
    "E:\\Task\\LODGE.CAPITAL\\Smart Contract\\node_modules\\@openzeppelin\\contracts\\utils\\Address.sol": {
      "lastModificationDate": 1692985462313,
      "contentHash": "f31ad6fc4bbf9c06203987220156a6ba",
      "sourceName": "@openzeppelin/contracts/utils/Address.sol",
      "solcConfig": {
        "version": "0.8.15",
        "settings": {
          "optimizer": {
            "enabled": true,
            "runs": 200
          },
          "outputSelection": {
            "*": {
              "*": [
                "abi",
                "evm.bytecode",
                "evm.deployedBytecode",
                "evm.methodIdentifiers",
                "metadata",
                "devdoc",
                "userdoc",
                "storageLayout",
                "evm.gasEstimates"
              ],
              "": [
                "ast"
              ]
            }
          },
          "metadata": {
            "useLiteralContent": true
          }
        }
      },
      "imports": [],
      "versionPragmas": [
        "^0.8.1"
      ],
      "artifacts": [
        "Address"
      ]
    },
    "E:\\Task\\LODGE.CAPITAL\\Smart Contract\\node_modules\\@openzeppelin\\contracts\\security\\ReentrancyGuard.sol": {
      "lastModificationDate": 1692985470054,
      "contentHash": "a8e2d1c30042f64ed89c9d4157eb6cb9",
      "sourceName": "@openzeppelin/contracts/security/ReentrancyGuard.sol",
      "solcConfig": {
        "version": "0.8.15",
        "settings": {
          "optimizer": {
            "enabled": true,
            "runs": 200
          },
          "outputSelection": {
            "*": {
              "*": [
                "abi",
                "evm.bytecode",
                "evm.deployedBytecode",
                "evm.methodIdentifiers",
                "metadata",
                "devdoc",
                "userdoc",
                "storageLayout",
                "evm.gasEstimates"
              ],
              "": [
                "ast"
              ]
            }
          },
          "metadata": {
            "useLiteralContent": true
          }
        }
      },
      "imports": [],
      "versionPragmas": [
        "^0.8.0"
      ],
      "artifacts": [
        "ReentrancyGuard"
      ]
    },
    "E:\\Task\\LODGE.CAPITAL\\Smart Contract\\node_modules\\@openzeppelin\\contracts\\token\\ERC20\\ERC20.sol": {
      "lastModificationDate": 1692985465259,
      "contentHash": "834a0dde221759af42b030253315b086",
      "sourceName": "@openzeppelin/contracts/token/ERC20/ERC20.sol",
      "solcConfig": {
        "version": "0.8.15",
        "settings": {
          "optimizer": {
            "enabled": true,
            "runs": 200
          },
          "outputSelection": {
            "*": {
              "*": [
                "abi",
                "evm.bytecode",
                "evm.deployedBytecode",
                "evm.methodIdentifiers",
                "metadata",
                "devdoc",
                "userdoc",
                "storageLayout",
                "evm.gasEstimates"
              ],
              "": [
                "ast"
              ]
            }
          },
          "metadata": {
            "useLiteralContent": true
          }
        }
      },
      "imports": [
        "./IERC20.sol",
        "./extensions/IERC20Metadata.sol",
        "../../utils/Context.sol"
      ],
      "versionPragmas": [
        "^0.8.0"
      ],
      "artifacts": [
        "ERC20"
      ]
    },
    "E:\\Task\\LODGE.CAPITAL\\Smart Contract\\node_modules\\@openzeppelin\\contracts\\utils\\math\\SafeMath.sol": {
      "lastModificationDate": 1692985470258,
      "contentHash": "2337f0279507b5edf14a07067adf0d05",
      "sourceName": "@openzeppelin/contracts/utils/math/SafeMath.sol",
      "solcConfig": {
        "version": "0.8.15",
        "settings": {
          "optimizer": {
            "enabled": true,
            "runs": 200
          },
          "outputSelection": {
            "*": {
              "*": [
                "abi",
                "evm.bytecode",
                "evm.deployedBytecode",
                "evm.methodIdentifiers",
                "metadata",
                "devdoc",
                "userdoc",
                "storageLayout",
                "evm.gasEstimates"
              ],
              "": [
                "ast"
              ]
            }
          },
          "metadata": {
            "useLiteralContent": true
          }
        }
      },
      "imports": [],
      "versionPragmas": [
        "^0.8.0"
      ],
      "artifacts": [
        "SafeMath"
      ]
    },
    "E:\\Task\\LODGE.CAPITAL\\Smart Contract\\node_modules\\@openzeppelin\\contracts\\token\\ERC20\\utils\\SafeERC20.sol": {
      "lastModificationDate": 1692985470248,
      "contentHash": "0320a90f714843ca19373ed143fc4466",
      "sourceName": "@openzeppelin/contracts/token/ERC20/utils/SafeERC20.sol",
      "solcConfig": {
        "version": "0.8.15",
        "settings": {
          "optimizer": {
            "enabled": true,
            "runs": 200
          },
          "outputSelection": {
            "*": {
              "*": [
                "abi",
                "evm.bytecode",
                "evm.deployedBytecode",
                "evm.methodIdentifiers",
                "metadata",
                "devdoc",
                "userdoc",
                "storageLayout",
                "evm.gasEstimates"
              ],
              "": [
                "ast"
              ]
            }
          },
          "metadata": {
            "useLiteralContent": true
          }
        }
      },
      "imports": [
        "../IERC20.sol",
        "../extensions/draft-IERC20Permit.sol",
        "../../../utils/Address.sol"
      ],
      "versionPragmas": [
        "^0.8.0"
      ],
      "artifacts": [
        "SafeERC20"
      ]
    },
    "E:\\Task\\LODGE.CAPITAL\\Smart Contract\\contracts\\pancakeSwap\\interfaces\\IPancakeRouter01.sol": {
      "lastModificationDate": 1693404725919,
      "contentHash": "3c6576c9ce39bafc26c5234ac238f379",
      "sourceName": "contracts/pancakeSwap/interfaces/IPancakeRouter01.sol",
      "solcConfig": {
        "version": "0.8.15",
        "settings": {
          "optimizer": {
            "enabled": true,
            "runs": 200
          },
          "outputSelection": {
            "*": {
              "*": [
                "abi",
                "evm.bytecode",
                "evm.deployedBytecode",
                "evm.methodIdentifiers",
                "metadata",
                "devdoc",
                "userdoc",
                "storageLayout",
                "evm.gasEstimates"
              ],
              "": [
                "ast"
              ]
            }
          },
          "metadata": {
            "useLiteralContent": true
          }
        }
      },
      "imports": [],
      "versionPragmas": [
        "^0.8.0"
      ],
      "artifacts": [
        "IPancakeRouter01"
      ]
    },
    "E:\\Task\\LODGE.CAPITAL\\Smart Contract\\node_modules\\@openzeppelin\\contracts\\utils\\Context.sol": {
      "lastModificationDate": 1692985462420,
      "contentHash": "5f2c5c4b6af2dd4551027144797bc8be",
      "sourceName": "@openzeppelin/contracts/utils/Context.sol",
      "solcConfig": {
        "version": "0.8.15",
        "settings": {
          "optimizer": {
            "enabled": true,
            "runs": 200
          },
          "outputSelection": {
            "*": {
              "*": [
                "abi",
                "evm.bytecode",
                "evm.deployedBytecode",
                "evm.methodIdentifiers",
                "metadata",
                "devdoc",
                "userdoc",
                "storageLayout",
                "evm.gasEstimates"
              ],
              "": [
                "ast"
              ]
            }
          },
          "metadata": {
            "useLiteralContent": true
          }
        }
      },
      "imports": [],
      "versionPragmas": [
        "^0.8.0"
      ],
      "artifacts": [
        "Context"
      ]
    },
    "E:\\Task\\LODGE.CAPITAL\\Smart Contract\\node_modules\\@openzeppelin\\contracts\\token\\ERC20\\IERC20.sol": {
      "lastModificationDate": 1692985468583,
      "contentHash": "ad7c2d0af148c8f9f097d65deeb4da6b",
      "sourceName": "@openzeppelin/contracts/token/ERC20/IERC20.sol",
      "solcConfig": {
        "version": "0.8.15",
        "settings": {
          "optimizer": {
            "enabled": true,
            "runs": 200
          },
          "outputSelection": {
            "*": {
              "*": [
                "abi",
                "evm.bytecode",
                "evm.deployedBytecode",
                "evm.methodIdentifiers",
                "metadata",
                "devdoc",
                "userdoc",
                "storageLayout",
                "evm.gasEstimates"
              ],
              "": [
                "ast"
              ]
            }
          },
          "metadata": {
            "useLiteralContent": true
          }
        }
      },
      "imports": [],
      "versionPragmas": [
        "^0.8.0"
      ],
      "artifacts": [
        "IERC20"
      ]
    },
    "E:\\Task\\LODGE.CAPITAL\\Smart Contract\\node_modules\\@openzeppelin\\contracts\\token\\ERC20\\extensions\\IERC20Metadata.sol": {
      "lastModificationDate": 1692985468677,
      "contentHash": "909ab67fc5c25033fe6cd364f8c056f9",
      "sourceName": "@openzeppelin/contracts/token/ERC20/extensions/IERC20Metadata.sol",
      "solcConfig": {
        "version": "0.8.15",
        "settings": {
          "optimizer": {
            "enabled": true,
            "runs": 200
          },
          "outputSelection": {
            "*": {
              "*": [
                "abi",
                "evm.bytecode",
                "evm.deployedBytecode",
                "evm.methodIdentifiers",
                "metadata",
                "devdoc",
                "userdoc",
                "storageLayout",
                "evm.gasEstimates"
              ],
              "": [
                "ast"
              ]
            }
          },
          "metadata": {
            "useLiteralContent": true
          }
        }
      },
      "imports": [
        "../IERC20.sol"
      ],
      "versionPragmas": [
        "^0.8.0"
      ],
      "artifacts": [
        "IERC20Metadata"
      ]
    },
    "E:\\Task\\LODGE.CAPITAL\\Smart Contract\\node_modules\\@openzeppelin\\contracts\\token\\ERC20\\extensions\\draft-IERC20Permit.sol": {
      "lastModificationDate": 1692985462910,
      "contentHash": "fb77f144244b9ab12533aa6ce85ef8c5",
      "sourceName": "@openzeppelin/contracts/token/ERC20/extensions/draft-IERC20Permit.sol",
      "solcConfig": {
        "version": "0.8.15",
        "settings": {
          "optimizer": {
            "enabled": true,
            "runs": 200
          },
          "outputSelection": {
            "*": {
              "*": [
                "abi",
                "evm.bytecode",
                "evm.deployedBytecode",
                "evm.methodIdentifiers",
                "metadata",
                "devdoc",
                "userdoc",
                "storageLayout",
                "evm.gasEstimates"
              ],
              "": [
                "ast"
              ]
            }
          },
          "metadata": {
            "useLiteralContent": true
          }
        }
      },
      "imports": [],
      "versionPragmas": [
        "^0.8.0"
      ],
      "artifacts": [
        "IERC20Permit"
      ]
    },
    "E:\\Task\\LODGE.CAPITAL\\Smart Contract\\node_modules\\@openzeppelin\\contracts\\token\\ERC20\\extensions\\draft-ERC20Permit.sol": {
      "lastModificationDate": 1692985462878,
      "contentHash": "5b369683bd5582ac703b4177a94d87d2",
      "sourceName": "@openzeppelin/contracts/token/ERC20/extensions/draft-ERC20Permit.sol",
      "solcConfig": {
        "version": "0.8.15",
        "settings": {
          "optimizer": {
            "enabled": true,
            "runs": 200
          },
          "outputSelection": {
            "*": {
              "*": [
                "abi",
                "evm.bytecode",
                "evm.deployedBytecode",
                "evm.methodIdentifiers",
                "metadata",
                "devdoc",
                "userdoc",
                "storageLayout",
                "evm.gasEstimates"
              ],
              "": [
                "ast"
              ]
            }
          },
          "metadata": {
            "useLiteralContent": true
          }
        }
      },
      "imports": [
        "./draft-IERC20Permit.sol",
        "../ERC20.sol",
        "../../../utils/cryptography/ECDSA.sol",
        "../../../utils/cryptography/EIP712.sol",
        "../../../utils/Counters.sol"
      ],
      "versionPragmas": [
        "^0.8.0"
      ],
      "artifacts": [
        "ERC20Permit"
      ]
    },
    "E:\\Task\\LODGE.CAPITAL\\Smart Contract\\node_modules\\@openzeppelin\\contracts\\utils\\Counters.sol": {
      "lastModificationDate": 1692985462448,
      "contentHash": "74654e3ae5d7f39555055dfe244dab7a",
      "sourceName": "@openzeppelin/contracts/utils/Counters.sol",
      "solcConfig": {
        "version": "0.8.15",
        "settings": {
          "optimizer": {
            "enabled": true,
            "runs": 200
          },
          "outputSelection": {
            "*": {
              "*": [
                "abi",
                "evm.bytecode",
                "evm.deployedBytecode",
                "evm.methodIdentifiers",
                "metadata",
                "devdoc",
                "userdoc",
                "storageLayout",
                "evm.gasEstimates"
              ],
              "": [
                "ast"
              ]
            }
          },
          "metadata": {
            "useLiteralContent": true
          }
        }
      },
      "imports": [],
      "versionPragmas": [
        "^0.8.0"
      ],
      "artifacts": [
        "Counters"
      ]
    },
    "E:\\Task\\LODGE.CAPITAL\\Smart Contract\\node_modules\\@openzeppelin\\contracts\\utils\\cryptography\\EIP712.sol": {
      "lastModificationDate": 1692985462929,
      "contentHash": "7c33eaa0f6dc029429ed8b986694c3a4",
      "sourceName": "@openzeppelin/contracts/utils/cryptography/EIP712.sol",
      "solcConfig": {
        "version": "0.8.15",
        "settings": {
          "optimizer": {
            "enabled": true,
            "runs": 200
          },
          "outputSelection": {
            "*": {
              "*": [
                "abi",
                "evm.bytecode",
                "evm.deployedBytecode",
                "evm.methodIdentifiers",
                "metadata",
                "devdoc",
                "userdoc",
                "storageLayout",
                "evm.gasEstimates"
              ],
              "": [
                "ast"
              ]
            }
          },
          "metadata": {
            "useLiteralContent": true
          }
        }
      },
      "imports": [
        "./ECDSA.sol"
      ],
      "versionPragmas": [
        "^0.8.0"
      ],
      "artifacts": [
        "EIP712"
      ]
    },
    "E:\\Task\\LODGE.CAPITAL\\Smart Contract\\node_modules\\@openzeppelin\\contracts\\utils\\cryptography\\ECDSA.sol": {
      "lastModificationDate": 1692985462924,
      "contentHash": "fe1190dbb6431c2464246925713f0f7f",
      "sourceName": "@openzeppelin/contracts/utils/cryptography/ECDSA.sol",
      "solcConfig": {
        "version": "0.8.15",
        "settings": {
          "optimizer": {
            "enabled": true,
            "runs": 200
          },
          "outputSelection": {
            "*": {
              "*": [
                "abi",
                "evm.bytecode",
                "evm.deployedBytecode",
                "evm.methodIdentifiers",
                "metadata",
                "devdoc",
                "userdoc",
                "storageLayout",
                "evm.gasEstimates"
              ],
              "": [
                "ast"
              ]
            }
          },
          "metadata": {
            "useLiteralContent": true
          }
        }
      },
      "imports": [
        "../Strings.sol"
      ],
      "versionPragmas": [
        "^0.8.0"
      ],
      "artifacts": [
        "ECDSA"
      ]
    },
    "E:\\Task\\LODGE.CAPITAL\\Smart Contract\\node_modules\\@openzeppelin\\contracts\\utils\\Strings.sol": {
      "lastModificationDate": 1692985470405,
      "contentHash": "396031251978f8febfd90cb62cb240ec",
      "sourceName": "@openzeppelin/contracts/utils/Strings.sol",
      "solcConfig": {
        "version": "0.8.15",
        "settings": {
          "optimizer": {
            "enabled": true,
            "runs": 200
          },
          "outputSelection": {
            "*": {
              "*": [
                "abi",
                "evm.bytecode",
                "evm.deployedBytecode",
                "evm.methodIdentifiers",
                "metadata",
                "devdoc",
                "userdoc",
                "storageLayout",
                "evm.gasEstimates"
              ],
              "": [
                "ast"
              ]
            }
          },
          "metadata": {
            "useLiteralContent": true
          }
        }
      },
      "imports": [
        "./math/Math.sol"
      ],
      "versionPragmas": [
        "^0.8.0"
      ],
      "artifacts": [
        "Strings"
      ]
    },
    "E:\\Task\\LODGE.CAPITAL\\Smart Contract\\node_modules\\@openzeppelin\\contracts\\utils\\math\\Math.sol": {
      "lastModificationDate": 1692985469696,
      "contentHash": "b9c58920ce74d6dc819161786112e7ee",
      "sourceName": "@openzeppelin/contracts/utils/math/Math.sol",
      "solcConfig": {
        "version": "0.8.15",
        "settings": {
          "optimizer": {
            "enabled": true,
            "runs": 200
          },
          "outputSelection": {
            "*": {
              "*": [
                "abi",
                "evm.bytecode",
                "evm.deployedBytecode",
                "evm.methodIdentifiers",
                "metadata",
                "devdoc",
                "userdoc",
                "storageLayout",
                "evm.gasEstimates"
              ],
              "": [
                "ast"
              ]
            }
          },
          "metadata": {
            "useLiteralContent": true
          }
        }
      },
      "imports": [],
      "versionPragmas": [
        "^0.8.0"
      ],
      "artifacts": [
        "Math"
      ]
    },
    "E:\\Task\\LODGE.CAPITAL\\Smart Contract\\node_modules\\@openzeppelin\\contracts\\token\\ERC20\\extensions\\ERC20Votes.sol": {
      "lastModificationDate": 1692985465401,
      "contentHash": "13748ed5ead784338a59958916bc9edc",
      "sourceName": "@openzeppelin/contracts/token/ERC20/extensions/ERC20Votes.sol",
      "solcConfig": {
        "version": "0.8.15",
        "settings": {
          "optimizer": {
            "enabled": true,
            "runs": 200
          },
          "outputSelection": {
            "*": {
              "*": [
                "abi",
                "evm.bytecode",
                "evm.deployedBytecode",
                "evm.methodIdentifiers",
                "metadata",
                "devdoc",
                "userdoc",
                "storageLayout",
                "evm.gasEstimates"
              ],
              "": [
                "ast"
              ]
            }
          },
          "metadata": {
            "useLiteralContent": true
          }
        }
      },
      "imports": [
        "./draft-ERC20Permit.sol",
        "../../../utils/math/Math.sol",
        "../../../governance/utils/IVotes.sol",
        "../../../utils/math/SafeCast.sol",
        "../../../utils/cryptography/ECDSA.sol"
      ],
      "versionPragmas": [
        "^0.8.0"
      ],
      "artifacts": [
        "ERC20Votes"
      ]
    },
    "E:\\Task\\LODGE.CAPITAL\\Smart Contract\\node_modules\\@openzeppelin\\contracts\\governance\\utils\\IVotes.sol": {
      "lastModificationDate": 1692985469477,
      "contentHash": "a036d40989f21d08bb990e68d0088fa1",
      "sourceName": "@openzeppelin/contracts/governance/utils/IVotes.sol",
      "solcConfig": {
        "version": "0.8.15",
        "settings": {
          "optimizer": {
            "enabled": true,
            "runs": 200
          },
          "outputSelection": {
            "*": {
              "*": [
                "abi",
                "evm.bytecode",
                "evm.deployedBytecode",
                "evm.methodIdentifiers",
                "metadata",
                "devdoc",
                "userdoc",
                "storageLayout",
                "evm.gasEstimates"
              ],
              "": [
                "ast"
              ]
            }
          },
          "metadata": {
            "useLiteralContent": true
          }
        }
      },
      "imports": [],
      "versionPragmas": [
        "^0.8.0"
      ],
      "artifacts": [
        "IVotes"
      ]
    },
    "E:\\Task\\LODGE.CAPITAL\\Smart Contract\\node_modules\\@openzeppelin\\contracts\\utils\\math\\SafeCast.sol": {
      "lastModificationDate": 1692985470115,
      "contentHash": "67cf2dfe1d1c22b4ea7f242e8a17f431",
      "sourceName": "@openzeppelin/contracts/utils/math/SafeCast.sol",
      "solcConfig": {
        "version": "0.8.15",
        "settings": {
          "optimizer": {
            "enabled": true,
            "runs": 200
          },
          "outputSelection": {
            "*": {
              "*": [
                "abi",
                "evm.bytecode",
                "evm.deployedBytecode",
                "evm.methodIdentifiers",
                "metadata",
                "devdoc",
                "userdoc",
                "storageLayout",
                "evm.gasEstimates"
              ],
              "": [
                "ast"
              ]
            }
          },
          "metadata": {
            "useLiteralContent": true
          }
        }
      },
      "imports": [],
      "versionPragmas": [
        "^0.8.0"
      ],
      "artifacts": [
        "SafeCast"
      ]
    },
    "E:\\Task\\LODGE.CAPITAL\\Smart Contract\\contracts\\WildToken.sol": {
      "lastModificationDate": 1698293896734,
      "contentHash": "31fd3b3f40f71501075a8436cb5de23f",
      "sourceName": "contracts/WildToken.sol",
      "solcConfig": {
        "version": "0.8.15",
        "settings": {
          "optimizer": {
            "enabled": true,
            "runs": 200
          },
          "outputSelection": {
            "*": {
              "*": [
                "abi",
                "evm.bytecode",
                "evm.deployedBytecode",
                "evm.methodIdentifiers",
                "metadata",
                "devdoc",
                "userdoc",
                "storageLayout",
                "evm.gasEstimates"
              ],
              "": [
                "ast"
              ]
            }
          },
          "metadata": {
            "useLiteralContent": true
          }
        }
      },
      "imports": [
        "@openzeppelin/contracts/token/ERC20/ERC20.sol",
        "@openzeppelin/contracts/access/Ownable.sol",
        "@openzeppelin/contracts/token/ERC20/extensions/draft-ERC20Permit.sol",
        "@openzeppelin/contracts/token/ERC20/extensions/ERC20Votes.sol",
        "./pancakeSwap/interfaces/IPancakeFactory.sol",
        "./pancakeSwap/interfaces/IPancakeRouter02.sol"
      ],
      "versionPragmas": [
        "^0.8.15"
      ],
      "artifacts": [
        "WildToken"
      ]
    },
    "E:\\Task\\LODGE.CAPITAL\\Smart Contract\\node_modules\\@openzeppelin\\contracts\\token\\ERC20\\extensions\\ERC20Burnable.sol": {
      "lastModificationDate": 1692985465275,
      "contentHash": "a1c7f80ae26f5b2d7d563475627fbf25",
      "sourceName": "@openzeppelin/contracts/token/ERC20/extensions/ERC20Burnable.sol",
      "solcConfig": {
        "version": "0.8.15",
        "settings": {
          "optimizer": {
            "enabled": true,
            "runs": 200
          },
          "outputSelection": {
            "*": {
              "*": [
                "abi",
                "evm.bytecode",
                "evm.deployedBytecode",
                "evm.methodIdentifiers",
                "metadata",
                "devdoc",
                "userdoc",
                "storageLayout",
                "evm.gasEstimates"
              ],
              "": [
                "ast"
              ]
            }
          },
          "metadata": {
            "useLiteralContent": true
          }
        }
      },
      "imports": [
        "../ERC20.sol",
        "../../../utils/Context.sol"
      ],
      "versionPragmas": [
        "^0.8.0"
      ],
      "artifacts": [
        "ERC20Burnable"
      ]
    },
    "E:\\Task\\LODGE.CAPITAL\\Smart Contract\\contracts\\libraries\\SafeMath8.sol": {
      "lastModificationDate": 1695160624948,
      "contentHash": "7762ce53b71cb8d320fe427476f7e05d",
      "sourceName": "contracts/libraries/SafeMath8.sol",
      "solcConfig": {
        "version": "0.8.15",
        "settings": {
          "optimizer": {
            "enabled": true,
            "runs": 200
          },
          "outputSelection": {
            "*": {
              "*": [
                "abi",
                "evm.bytecode",
                "evm.deployedBytecode",
                "evm.methodIdentifiers",
                "metadata",
                "devdoc",
                "userdoc",
                "storageLayout",
                "evm.gasEstimates"
              ],
              "": [
                "ast"
              ]
            }
          },
          "metadata": {
            "useLiteralContent": true
          }
        }
      },
      "imports": [],
      "versionPragmas": [
        "^0.8.15"
      ],
      "artifacts": [
        "SafeMath8"
      ]
    },
    "E:\\Task\\LODGE.CAPITAL\\Smart Contract\\contracts\\interfaces\\IOracle.sol": {
      "lastModificationDate": 1695160624849,
      "contentHash": "73318221b26ad7dee2a68f5b207d1fd6",
      "sourceName": "contracts/interfaces/IOracle.sol",
      "solcConfig": {
        "version": "0.8.15",
        "settings": {
          "optimizer": {
            "enabled": true,
            "runs": 200
          },
          "outputSelection": {
            "*": {
              "*": [
                "abi",
                "evm.bytecode",
                "evm.deployedBytecode",
                "evm.methodIdentifiers",
                "metadata",
                "devdoc",
                "userdoc",
                "storageLayout",
                "evm.gasEstimates"
              ],
              "": [
                "ast"
              ]
            }
          },
          "metadata": {
            "useLiteralContent": true
          }
        }
      },
      "imports": [],
      "versionPragmas": [
        "^0.8.15"
      ],
      "artifacts": [
        "IOracle"
      ]
    },
    "E:\\Task\\LODGE.CAPITAL\\Smart Contract\\contracts\\interfaces\\IUniswapV2Factory.sol": {
      "lastModificationDate": 1695160712151,
      "contentHash": "26c75f8c408e1df4f238ae45151fc778",
      "sourceName": "contracts/interfaces/IUniswapV2Factory.sol",
      "solcConfig": {
        "version": "0.8.15",
        "settings": {
          "optimizer": {
            "enabled": true,
            "runs": 200
          },
          "outputSelection": {
            "*": {
              "*": [
                "abi",
                "evm.bytecode",
                "evm.deployedBytecode",
                "evm.methodIdentifiers",
                "metadata",
                "devdoc",
                "userdoc",
                "storageLayout",
                "evm.gasEstimates"
              ],
              "": [
                "ast"
              ]
            }
          },
          "metadata": {
            "useLiteralContent": true
          }
        }
      },
      "imports": [],
      "versionPragmas": [
        "^0.8.15"
      ],
      "artifacts": [
        "IUniswapV2Factory"
      ]
    },
    "E:\\Task\\LODGE.CAPITAL\\Smart Contract\\contracts\\interfaces\\IUniswapV2Pair.sol": {
      "lastModificationDate": 1695160712163,
      "contentHash": "13e01df481c036a9e6680607adb7563b",
      "sourceName": "contracts/interfaces/IUniswapV2Pair.sol",
      "solcConfig": {
        "version": "0.8.15",
        "settings": {
          "optimizer": {
            "enabled": true,
            "runs": 200
          },
          "outputSelection": {
            "*": {
              "*": [
                "abi",
                "evm.bytecode",
                "evm.deployedBytecode",
                "evm.methodIdentifiers",
                "metadata",
                "devdoc",
                "userdoc",
                "storageLayout",
                "evm.gasEstimates"
              ],
              "": [
                "ast"
              ]
            }
          },
          "metadata": {
            "useLiteralContent": true
          }
        }
      },
      "imports": [],
      "versionPragmas": [
        "^0.8.15"
      ],
      "artifacts": [
        "IUniswapV2Pair"
      ]
    },
    "E:\\Task\\LODGE.CAPITAL\\Smart Contract\\contracts\\interfaces\\IUniswapV2Router02.sol": {
      "lastModificationDate": 1695160712173,
      "contentHash": "9acd4fddbdb4d7d6833585dc41f5f8c1",
      "sourceName": "contracts/interfaces/IUniswapV2Router02.sol",
      "solcConfig": {
        "version": "0.8.15",
        "settings": {
          "optimizer": {
            "enabled": true,
            "runs": 200
          },
          "outputSelection": {
            "*": {
              "*": [
                "abi",
                "evm.bytecode",
                "evm.deployedBytecode",
                "evm.methodIdentifiers",
                "metadata",
                "devdoc",
                "userdoc",
                "storageLayout",
                "evm.gasEstimates"
              ],
              "": [
                "ast"
              ]
            }
          },
          "metadata": {
            "useLiteralContent": true
          }
        }
      },
      "imports": [
        "contracts/interfaces/IUniswapV2Router01.sol"
      ],
      "versionPragmas": [
        "^0.8.15"
      ],
      "artifacts": [
        "IUniswapV2Router02"
      ]
    },
    "E:\\Task\\LODGE.CAPITAL\\Smart Contract\\contracts\\interfaces\\IUniswapV2Router01.sol": {
      "lastModificationDate": 1695160712164,
      "contentHash": "c929c9cd67eec75aae0fac32d69f72d0",
      "sourceName": "contracts/interfaces/IUniswapV2Router01.sol",
      "solcConfig": {
        "version": "0.8.15",
        "settings": {
          "optimizer": {
            "enabled": true,
            "runs": 200
          },
          "outputSelection": {
            "*": {
              "*": [
                "abi",
                "evm.bytecode",
                "evm.deployedBytecode",
                "evm.methodIdentifiers",
                "metadata",
                "devdoc",
                "userdoc",
                "storageLayout",
                "evm.gasEstimates"
              ],
              "": [
                "ast"
              ]
            }
          },
          "metadata": {
            "useLiteralContent": true
          }
        }
      },
      "imports": [],
      "versionPragmas": [
        "^0.8.15"
      ],
      "artifacts": [
        "IUniswapV2Router01"
      ]
    },
    "E:\\Task\\LODGE.CAPITAL\\Smart Contract\\contracts\\libraries\\ShareWrapper.sol": {
      "lastModificationDate": 1695160624964,
      "contentHash": "d0022f17a6bc8b47f01a12347c610875",
      "sourceName": "contracts/libraries/ShareWrapper.sol",
      "solcConfig": {
        "version": "0.8.15",
        "settings": {
          "optimizer": {
            "enabled": true,
            "runs": 200
          },
          "outputSelection": {
            "*": {
              "*": [
                "abi",
                "evm.bytecode",
                "evm.deployedBytecode",
                "evm.methodIdentifiers",
                "metadata",
                "devdoc",
                "userdoc",
                "storageLayout",
                "evm.gasEstimates"
              ],
              "": [
                "ast"
              ]
            }
          },
          "metadata": {
            "useLiteralContent": true
          }
        }
      },
      "imports": [
        "@openzeppelin/contracts/utils/math/SafeMath.sol",
        "@openzeppelin/contracts/token/ERC20/utils/SafeERC20.sol"
      ],
      "versionPragmas": [
        "^0.8.15"
      ],
      "artifacts": [
        "ShareWrapper"
      ]
    },
    "E:\\Task\\LODGE.CAPITAL\\Smart Contract\\contracts\\MasterChef.sol": {
      "lastModificationDate": 1698434347415,
      "contentHash": "c264cabcf23f9f26894e2fc0f5c509d0",
      "sourceName": "contracts/MasterChef.sol",
      "solcConfig": {
        "version": "0.8.15",
        "settings": {
          "optimizer": {
            "enabled": true,
            "runs": 200
          },
          "outputSelection": {
            "*": {
              "*": [
                "abi",
                "evm.bytecode",
                "evm.deployedBytecode",
                "evm.methodIdentifiers",
                "metadata",
                "devdoc",
                "userdoc",
                "storageLayout",
                "evm.gasEstimates"
              ],
              "": [
                "ast"
              ]
            }
          },
          "metadata": {
            "useLiteralContent": true
          }
        }
      },
      "imports": [
        "@openzeppelin/contracts/utils/math/SafeMath.sol",
        "@openzeppelin/contracts/access/Ownable.sol",
        "@openzeppelin/contracts/utils/Address.sol",
        "@openzeppelin/contracts/security/ReentrancyGuard.sol",
        "@openzeppelin/contracts/token/ERC20/utils/SafeERC20.sol",
        "./WildToken.sol"
      ],
      "versionPragmas": [
        "^0.8.15"
      ],
      "artifacts": [
        "MasterChef"
      ]
    },
    "E:\\Task\\LODGE.CAPITAL\\Smart Contract\\contracts\\mocks\\MockToken.sol": {
      "lastModificationDate": 1693404725888,
      "contentHash": "ac0afa6d8469ea6ef176f718a952d4c2",
      "sourceName": "contracts/mocks/MockToken.sol",
      "solcConfig": {
        "version": "0.8.15",
        "settings": {
          "optimizer": {
            "enabled": true,
            "runs": 200
          },
          "outputSelection": {
            "*": {
              "*": [
                "abi",
                "evm.bytecode",
                "evm.deployedBytecode",
                "evm.methodIdentifiers",
                "metadata",
                "devdoc",
                "userdoc",
                "storageLayout",
                "evm.gasEstimates"
              ],
              "": [
                "ast"
              ]
            }
          },
          "metadata": {
            "useLiteralContent": true
          }
        }
      },
      "imports": [
        "@openzeppelin/contracts/token/ERC20/ERC20.sol",
        "@openzeppelin/contracts/access/Ownable.sol"
      ],
      "versionPragmas": [
        "^0.8.9"
      ],
      "artifacts": [
        "MockToken"
      ]
    },
    "E:\\Task\\LODGE.CAPITAL\\Smart Contract\\contracts\\libraries\\Operator.sol": {
      "lastModificationDate": 1695160624938,
      "contentHash": "9da7592717200eb305cfe9e411aba4b1",
      "sourceName": "contracts/libraries/Operator.sol",
      "solcConfig": {
        "version": "0.8.15",
        "settings": {
          "optimizer": {
            "enabled": true,
            "runs": 200
          },
          "outputSelection": {
            "*": {
              "*": [
                "abi",
                "evm.bytecode",
                "evm.deployedBytecode",
                "evm.methodIdentifiers",
                "metadata",
                "devdoc",
                "userdoc",
                "storageLayout",
                "evm.gasEstimates"
              ],
              "": [
                "ast"
              ]
            }
          },
          "metadata": {
            "useLiteralContent": true
          }
        }
      },
      "imports": [
        "@openzeppelin/contracts/access/Ownable.sol"
      ],
      "versionPragmas": [
        "^0.8.15"
      ],
      "artifacts": [
        "Operator"
      ]
    },
    "E:\\Task\\LODGE.CAPITAL\\Smart Contract\\contracts\\pancakeSwap\\PancakeRouter01.sol": {
      "lastModificationDate": 1693404725893,
      "contentHash": "9c46fd08acff5c22ffbe244302bdfc2c",
      "sourceName": "contracts/pancakeSwap/PancakeRouter01.sol",
      "solcConfig": {
        "version": "0.8.15",
        "settings": {
          "optimizer": {
            "enabled": true,
            "runs": 200
          },
          "outputSelection": {
            "*": {
              "*": [
                "abi",
                "evm.bytecode",
                "evm.deployedBytecode",
                "evm.methodIdentifiers",
                "metadata",
                "devdoc",
                "userdoc",
                "storageLayout",
                "evm.gasEstimates"
              ],
              "": [
                "ast"
              ]
            }
          },
          "metadata": {
            "useLiteralContent": true
          }
        }
      },
      "imports": [
        "./interfaces/IPancakeFactory.sol",
        "./libraries/TransferHelper.sol",
        "./libraries/PancakeLibrary.sol",
        "./interfaces/IPancakeRouter01.sol",
        "@openzeppelin/contracts/token/ERC20/IERC20.sol",
        "./interfaces/IWETH.sol"
      ],
      "versionPragmas": [
        "^0.8.0"
      ],
      "artifacts": [
        "PancakeRouter01"
      ]
    },
    "E:\\Task\\LODGE.CAPITAL\\Smart Contract\\contracts\\pancakeSwap\\libraries\\PancakeLibrary.sol": {
      "lastModificationDate": 1693404725907,
      "contentHash": "3b8e58591ae89cfdf1cccccf711fbd9c",
      "sourceName": "contracts/pancakeSwap/libraries/PancakeLibrary.sol",
      "solcConfig": {
        "version": "0.8.15",
        "settings": {
          "optimizer": {
            "enabled": true,
            "runs": 200
          },
          "outputSelection": {
            "*": {
              "*": [
                "abi",
                "evm.bytecode",
                "evm.deployedBytecode",
                "evm.methodIdentifiers",
                "metadata",
                "devdoc",
                "userdoc",
                "storageLayout",
                "evm.gasEstimates"
              ],
              "": [
                "ast"
              ]
            }
          },
          "metadata": {
            "useLiteralContent": true
          }
        }
      },
      "imports": [
        "../interfaces/IPancakePair.sol",
        "../interfaces/IPancakeFactory.sol",
        "./SafeMath.sol"
      ],
      "versionPragmas": [
        "^0.8.15"
      ],
      "artifacts": [
        "PancakeLibrary"
      ]
    },
    "E:\\Task\\LODGE.CAPITAL\\Smart Contract\\contracts\\pancakeSwap\\libraries\\SafeMath.sol": {
      "lastModificationDate": 1693404725909,
      "contentHash": "5141736d9dd84a9c636a68f110c6095f",
      "sourceName": "contracts/pancakeSwap/libraries/SafeMath.sol",
      "solcConfig": {
        "version": "0.8.15",
        "settings": {
          "optimizer": {
            "enabled": true,
            "runs": 200
          },
          "outputSelection": {
            "*": {
              "*": [
                "abi",
                "evm.bytecode",
                "evm.deployedBytecode",
                "evm.methodIdentifiers",
                "metadata",
                "devdoc",
                "userdoc",
                "storageLayout",
                "evm.gasEstimates"
              ],
              "": [
                "ast"
              ]
            }
          },
          "metadata": {
            "useLiteralContent": true
          }
        }
      },
      "imports": [],
      "versionPragmas": [
        "^0.8.15"
      ],
      "artifacts": [
        "SafeMath"
      ]
    },
    "E:\\Task\\LODGE.CAPITAL\\Smart Contract\\contracts\\pancakeSwap\\PancakeRouter.sol": {
      "lastModificationDate": 1693404725897,
      "contentHash": "59b9a5ce20b8cf5c0f31a98c0542399a",
      "sourceName": "contracts/pancakeSwap/PancakeRouter.sol",
      "solcConfig": {
        "version": "0.8.15",
        "settings": {
          "optimizer": {
            "enabled": true,
            "runs": 200
          },
          "outputSelection": {
            "*": {
              "*": [
                "abi",
                "evm.bytecode",
                "evm.deployedBytecode",
                "evm.methodIdentifiers",
                "metadata",
                "devdoc",
                "userdoc",
                "storageLayout",
                "evm.gasEstimates"
              ],
              "": [
                "ast"
              ]
            }
          },
          "metadata": {
            "useLiteralContent": true
          }
        }
      },
      "imports": [
        "./interfaces/IPancakeFactory.sol",
        "./libraries/TransferHelper.sol",
        "./interfaces/IPancakeRouter02.sol",
        "./libraries/PancakeLibrary.sol",
        "./libraries/SafeMath.sol",
        "@openzeppelin/contracts/token/ERC20/IERC20.sol",
        "./interfaces/IWETH.sol"
      ],
      "versionPragmas": [
        "^0.8.0"
      ],
      "artifacts": [
        "PancakeRouter"
      ]
    },
    "E:\\Task\\LODGE.CAPITAL\\Smart Contract\\contracts\\pancakeSwap\\PancakeERC20.sol": {
      "lastModificationDate": 1693404725903,
      "contentHash": "e96d8f05433194b872e9dff9deef1eae",
      "sourceName": "contracts/pancakeSwap/PancakeERC20.sol",
      "solcConfig": {
        "version": "0.8.15",
        "settings": {
          "optimizer": {
            "enabled": true,
            "runs": 200
          },
          "outputSelection": {
            "*": {
              "*": [
                "abi",
                "evm.bytecode",
                "evm.deployedBytecode",
                "evm.methodIdentifiers",
                "metadata",
                "devdoc",
                "userdoc",
                "storageLayout",
                "evm.gasEstimates"
              ],
              "": [
                "ast"
              ]
            }
          },
          "metadata": {
            "useLiteralContent": true
          }
        }
      },
      "imports": [
        "./interfaces/IPancakeERC20.sol",
        "./libraries/SafeMath.sol"
      ],
      "versionPragmas": [
        "^0.8.0"
      ],
      "artifacts": [
        "PancakeERC20"
      ]
    },
    "E:\\Task\\LODGE.CAPITAL\\Smart Contract\\contracts\\pancakeSwap\\interfaces\\IPancakeERC20.sol": {
      "lastModificationDate": 1693404725924,
      "contentHash": "37289e5144939766c6f239362551a01d",
      "sourceName": "contracts/pancakeSwap/interfaces/IPancakeERC20.sol",
      "solcConfig": {
        "version": "0.8.15",
        "settings": {
          "optimizer": {
            "enabled": true,
            "runs": 200
          },
          "outputSelection": {
            "*": {
              "*": [
                "abi",
                "evm.bytecode",
                "evm.deployedBytecode",
                "evm.methodIdentifiers",
                "metadata",
                "devdoc",
                "userdoc",
                "storageLayout",
                "evm.gasEstimates"
              ],
              "": [
                "ast"
              ]
            }
          },
          "metadata": {
            "useLiteralContent": true
          }
        }
      },
      "imports": [],
      "versionPragmas": [
        "^0.8.0"
      ],
      "artifacts": [
        "IPancakeERC20"
      ]
    },
    "E:\\Task\\LODGE.CAPITAL\\Smart Contract\\contracts\\pancakeSwap\\PancakePair.sol": {
      "lastModificationDate": 1693404725901,
      "contentHash": "ce387fcf219b6c863569f223ab7b64b7",
      "sourceName": "contracts/pancakeSwap/PancakePair.sol",
      "solcConfig": {
        "version": "0.8.15",
        "settings": {
          "optimizer": {
            "enabled": true,
            "runs": 200
          },
          "outputSelection": {
            "*": {
              "*": [
                "abi",
                "evm.bytecode",
                "evm.deployedBytecode",
                "evm.methodIdentifiers",
                "metadata",
                "devdoc",
                "userdoc",
                "storageLayout",
                "evm.gasEstimates"
              ],
              "": [
                "ast"
              ]
            }
          },
          "metadata": {
            "useLiteralContent": true
          }
        }
      },
      "imports": [
        "@openzeppelin/contracts/token/ERC20/IERC20.sol",
        "./interfaces/IPancakePair.sol",
        "./PancakeERC20.sol",
        "./libraries/Math.sol",
        "./libraries/UQ112x112.sol",
        "./interfaces/IPancakeFactory.sol",
        "./interfaces/IPancakeCallee.sol"
      ],
      "versionPragmas": [
        "^0.8.0"
      ],
      "artifacts": [
        "PancakePair"
      ]
    },
    "E:\\Task\\LODGE.CAPITAL\\Smart Contract\\contracts\\pancakeSwap\\libraries\\Math.sol": {
      "lastModificationDate": 1693404725911,
      "contentHash": "e487451a8c709f5e2ea5f5a5308b5f31",
      "sourceName": "contracts/pancakeSwap/libraries/Math.sol",
      "solcConfig": {
        "version": "0.8.15",
        "settings": {
          "optimizer": {
            "enabled": true,
            "runs": 200
          },
          "outputSelection": {
            "*": {
              "*": [
                "abi",
                "evm.bytecode",
                "evm.deployedBytecode",
                "evm.methodIdentifiers",
                "metadata",
                "devdoc",
                "userdoc",
                "storageLayout",
                "evm.gasEstimates"
              ],
              "": [
                "ast"
              ]
            }
          },
          "metadata": {
            "useLiteralContent": true
          }
        }
      },
      "imports": [],
      "versionPragmas": [
        "^0.8.15"
      ],
      "artifacts": [
        "Math"
      ]
    },
    "E:\\Task\\LODGE.CAPITAL\\Smart Contract\\contracts\\pancakeSwap\\libraries\\UQ112x112.sol": {
      "lastModificationDate": 1693404725910,
      "contentHash": "e39d69249c165e8d7c1c81a54b25b03f",
      "sourceName": "contracts/pancakeSwap/libraries/UQ112x112.sol",
      "solcConfig": {
        "version": "0.8.15",
        "settings": {
          "optimizer": {
            "enabled": true,
            "runs": 200
          },
          "outputSelection": {
            "*": {
              "*": [
                "abi",
                "evm.bytecode",
                "evm.deployedBytecode",
                "evm.methodIdentifiers",
                "metadata",
                "devdoc",
                "userdoc",
                "storageLayout",
                "evm.gasEstimates"
              ],
              "": [
                "ast"
              ]
            }
          },
          "metadata": {
            "useLiteralContent": true
          }
        }
      },
      "imports": [],
      "versionPragmas": [
        "^0.8.15"
      ],
      "artifacts": [
        "UQ112x112"
      ]
    },
    "E:\\Task\\LODGE.CAPITAL\\Smart Contract\\contracts\\pancakeSwap\\interfaces\\IPancakeCallee.sol": {
      "lastModificationDate": 1693404725917,
      "contentHash": "81802f974dc354387ba91437d92ea491",
      "sourceName": "contracts/pancakeSwap/interfaces/IPancakeCallee.sol",
      "solcConfig": {
        "version": "0.8.15",
        "settings": {
          "optimizer": {
            "enabled": true,
            "runs": 200
          },
          "outputSelection": {
            "*": {
              "*": [
                "abi",
                "evm.bytecode",
                "evm.deployedBytecode",
                "evm.methodIdentifiers",
                "metadata",
                "devdoc",
                "userdoc",
                "storageLayout",
                "evm.gasEstimates"
              ],
              "": [
                "ast"
              ]
            }
          },
          "metadata": {
            "useLiteralContent": true
          }
        }
      },
      "imports": [],
      "versionPragmas": [
        "^0.8.0"
      ],
      "artifacts": [
        "IPancakeCallee"
      ]
    },
    "E:\\Task\\LODGE.CAPITAL\\Smart Contract\\contracts\\pancakeSwap\\PancakeFactory.sol": {
      "lastModificationDate": 1693404725890,
      "contentHash": "868c11f4d8d7f5740037d8c5fd9427d3",
      "sourceName": "contracts/pancakeSwap/PancakeFactory.sol",
      "solcConfig": {
        "version": "0.8.15",
        "settings": {
          "optimizer": {
            "enabled": true,
            "runs": 200
          },
          "outputSelection": {
            "*": {
              "*": [
                "abi",
                "evm.bytecode",
                "evm.deployedBytecode",
                "evm.methodIdentifiers",
                "metadata",
                "devdoc",
                "userdoc",
                "storageLayout",
                "evm.gasEstimates"
              ],
              "": [
                "ast"
              ]
            }
          },
          "metadata": {
            "useLiteralContent": true
          }
        }
      },
      "imports": [
        "./interfaces/IPancakeFactory.sol",
        "./PancakePair.sol"
      ],
      "versionPragmas": [
        "^0.8.0"
      ],
      "artifacts": [
        "PancakeFactory"
      ]
    },
    "E:\\Task\\LODGE.CAPITAL\\Smart Contract\\contracts\\interfaces\\ITreasury.sol": {
      "lastModificationDate": 1695160624858,
      "contentHash": "cbe86e9bd7044cb9e3dec0132aecd6ed",
      "sourceName": "contracts/interfaces/ITreasury.sol",
      "solcConfig": {
        "version": "0.8.15",
        "settings": {
          "optimizer": {
            "enabled": true,
            "runs": 200
          },
          "outputSelection": {
            "*": {
              "*": [
                "abi",
                "evm.bytecode",
                "evm.deployedBytecode",
                "evm.methodIdentifiers",
                "metadata",
                "devdoc",
                "userdoc",
                "storageLayout",
                "evm.gasEstimates"
              ],
              "": [
                "ast"
              ]
            }
          },
          "metadata": {
            "useLiteralContent": true
          }
        }
      },
      "imports": [],
      "versionPragmas": [
        "^0.8.15"
      ],
      "artifacts": [
        "ITreasury"
      ]
    },
    "E:\\Task\\LODGE.CAPITAL\\Smart Contract\\contracts\\libraries\\Babylonian.sol": {
      "lastModificationDate": 1695160624919,
      "contentHash": "b3340d892935c591e8220a0c31ecb845",
      "sourceName": "contracts/libraries/Babylonian.sol",
      "solcConfig": {
        "version": "0.8.15",
        "settings": {
          "optimizer": {
            "enabled": true,
            "runs": 200
          },
          "outputSelection": {
            "*": {
              "*": [
                "abi",
                "evm.bytecode",
                "evm.deployedBytecode",
                "evm.methodIdentifiers",
                "metadata",
                "devdoc",
                "userdoc",
                "storageLayout",
                "evm.gasEstimates"
              ],
              "": [
                "ast"
              ]
            }
          },
          "metadata": {
            "useLiteralContent": true
          }
        }
      },
      "imports": [],
      "versionPragmas": [
        ">=0.8.15"
      ],
      "artifacts": [
        "Babylonian"
      ]
    },
    "E:\\Task\\LODGE.CAPITAL\\Smart Contract\\contracts\\libraries\\ContractGuard.sol": {
      "lastModificationDate": 1695160624928,
      "contentHash": "4c80ac2726b29f892ce752b1fa02bc09",
      "sourceName": "contracts/libraries/ContractGuard.sol",
      "solcConfig": {
        "version": "0.8.15",
        "settings": {
          "optimizer": {
            "enabled": true,
            "runs": 200
          },
          "outputSelection": {
            "*": {
              "*": [
                "abi",
                "evm.bytecode",
                "evm.deployedBytecode",
                "evm.methodIdentifiers",
                "metadata",
                "devdoc",
                "userdoc",
                "storageLayout",
                "evm.gasEstimates"
              ],
              "": [
                "ast"
              ]
            }
          },
          "metadata": {
            "useLiteralContent": true
          }
        }
      },
      "imports": [],
      "versionPragmas": [
        "^0.8.15"
      ],
      "artifacts": [
        "ContractGuard"
      ]
    },
    "E:\\Task\\LODGE.CAPITAL\\Smart Contract\\contracts\\Multicall.sol": {
      "lastModificationDate": 1693404725881,
      "contentHash": "f621238dec97ec0938a6ae1054ed8dd7",
      "sourceName": "contracts/Multicall.sol",
      "solcConfig": {
        "version": "0.8.15",
        "settings": {
          "optimizer": {
            "enabled": true,
            "runs": 200
          },
          "outputSelection": {
            "*": {
              "*": [
                "abi",
                "evm.bytecode",
                "evm.deployedBytecode",
                "evm.methodIdentifiers",
                "metadata",
                "devdoc",
                "userdoc",
                "storageLayout",
                "evm.gasEstimates"
              ],
              "": [
                "ast"
              ]
            }
          },
          "metadata": {
            "useLiteralContent": true
          }
        }
      },
      "imports": [],
      "versionPragmas": [
        ">=0.5.0"
      ],
      "artifacts": [
        "Multicall"
      ]
    },
    "E:\\Task\\LODGE.CAPITAL\\Smart Contract\\contracts\\pancakeSwap\\WETH.sol": {
      "lastModificationDate": 1693404725899,
      "contentHash": "f0f5fcf230005fc995e840adab30aee5",
      "sourceName": "contracts/pancakeSwap/WETH.sol",
      "solcConfig": {
        "version": "0.8.15",
        "settings": {
          "optimizer": {
            "enabled": true,
            "runs": 200
          },
          "outputSelection": {
            "*": {
              "*": [
                "abi",
                "evm.bytecode",
                "evm.deployedBytecode",
                "evm.methodIdentifiers",
                "metadata",
                "devdoc",
                "userdoc",
                "storageLayout",
                "evm.gasEstimates"
              ],
              "": [
                "ast"
              ]
            }
          },
          "metadata": {
            "useLiteralContent": true
          }
        }
      },
      "imports": [],
      "versionPragmas": [
        "^0.8.15"
      ],
      "artifacts": [
        "WETH9"
      ]
    }
  }
}
