[
  {
    "inputs": [
      {
        "internalType": "address",
        "name": "_token",
        "type": "address"
      },
      {
        "internalType": "uint256",
        "name": "_amountIn",
        "type": "uint256"
      }
    ],
    "name": "consult",
    "outputs": [
      {
        "internalType": "uint144",
        "name": "amountOut",
        "type": "uint144"
      }
    ],
    "stateMutability": "view",
    "type": "function"
  },
  {
    "inputs": [
      {
        "internalType": "address",
        "name": "_token",
        "type": "address"
      },
      {
        "internalType": "uint256",
        "name": "_amountIn",
        "type": "uint256"
      }
    ],
    "name": "twap",
    "outputs": [
      {
        "internalType": "uint144",
        "name": "_amountOut",
        "type": "uint144"
      }
    ],
    "stateMutability": "view",
    "type": "function"
  },
  {
    "inputs": [],
    "name": "update",
    "outputs": [],
    "stateMutability": "nonpayable",
    "type": "function"
  }
]
